,BRP_24_G_13,BRP_6_H_11,BRP_2_H_17,BRP_6_G_7,BRP_1_H_20,BRP_1_G_3,BRP_2_H_7,BRP_6_G_18,BRP_6_H_18,BRP_1_H_31,BRP_1_H_15,BRP_1_G_23,BRP_2_G_18,BRP_6_H_8,BRP_24_H_20,BRP_6_G_14,BRP_24_H_16,BRP_24_H_7,BRP_2_G_14,BRP_24_G_17,BRP_24_G_6,BRP_2_H_13,BRP_2_G_25,BRP_1_G_19
0,3,1,1,2,1,3,1,1,1,1,1,1,1,1,3,1,9,1,1,1,1,1,1,1
1,5,2,2,2,2,7,2,2,2,2,2,2,2,2,4,2,8,2,2,2,2,2,2,2
2,4,3,3,3,3,3,3,3,3,3,4,3,3,3,4,3,11,3,3,3,3,3,3,3
3,0,0,0,0,0,1,0,0,0,0,0,0,0,0,0,0,4,0,0,0,0,0,0,0
4,0,0,0,0,0,1,0,0,0,0,0,0,0,0,1,0,15,0,0,0,0,0,0,0
5,3,3,3,3,3,6,3,3,3,3,3,3,3,3,4,3,8,4,3,3,3,3,4,3
6,6,6,6,8,6,6,6,6,6,7,6,6,6,6,9,6,12,6,6,6,6,6,7,6
7,0,0,0,0,0,2,0,0,0,0,0,0,0,0,3,0,8,0,0,0,0,0,0,0
8,5,1,1,1,1,9,1,1,1,1,1,1,1,1,4,1,13,2,1,2,1,1,1,1
9,6,4,4,5,4,5,4,4,4,5,5,4,4,4,7,4,11,4,4,4,4,4,4,4
10,4,3,3,4,3,7,3,3,4,3,3,3,4,4,4,3,11,5,3,4,3,3,4,3
11,6,1,1,2,1,3,2,1,1,1,1,1,1,0,3,1,19,2,1,1,1,1,1,1
12,2,0,0,0,0,0,0,0,0,0,0,0,0,1,4,0,16,0,0,0,0,0,0,0
13,6,4,4,4,4,7,4,4,4,4,5,4,4,4,6,4,8,4,4,4,4,4,4,4
14,1,0,0,0,0,1,0,0,0,0,0,0,0,0,1,0,5,0,0,0,0,0,0,0
15,7,2,2,3,2,2,2,2,2,2,2,2,2,2,3,2,10,2,2,2,2,2,2,2
16,2,2,2,3,2,2,2,2,2,2,2,2,2,2,3,2,2,2,2,2,2,2,3,2
17,1,1,1,2,1,1,1,1,1,1,1,1,1,1,1,1,1,1,1,1,1,1,1,1
18,1,1,1,1,1,1,1,1,1,1,1,1,1,1,1,1,2,1,1,1,1,1,2,1
19,2,2,2,3,2,1,2,2,2,2,2,2,2,2,1,2,2,2,2,2,2,2,3,2
20,0,0,0,3,0,0,0,0,0,0,0,0,0,0,1,0,0,0,0,0,0,0,0,0
21,0,0,0,1,0,0,0,0,0,0,0,0,0,0,0,0,0,0,0,0,0,0,0,0
22,8,6,6,8,6,5,6,6,6,6,6,6,6,7,4,6,6,6,6,6,6,6,10,6
23,6,7,7,8,7,6,7,7,7,7,7,7,7,7,7,7,6,7,7,7,7,7,7,7
24,0,0,0,0,0,0,0,0,0,0,0,0,0,0,0,0,0,0,0,0,0,0,0,0
25,7,7,7,7,7,7,7,7,7,7,7,7,7,7,7,7,7,7,7,7,7,7,7,7
26,1,1,1,2,1,0,1,1,1,1,1,1,1,1,1,1,1,1,1,1,2,1,1,1
27,0,0,0,1,0,0,0,0,0,0,0,0,0,0,0,0,0,0,0,0,0,0,1,0
28,1,1,1,2,1,0,1,1,1,1,1,1,1,1,1,1,1,1,1,1,1,1,2,1
29,3,3,3,5,3,3,3,3,3,3,3,3,4,3,3,3,3,3,4,3,3,3,5,4
30,2,2,2,3,2,1,2,2,2,2,2,2,2,2,2,2,2,2,2,2,2,2,3,2
31,6,6,6,7,6,3,6,6,6,6,6,6,6,6,6,6,6,6,6,6,6,6,6,6
32,3,4,4,7,3,5,4,4,4,4,3,4,4,4,6,4,6,4,5,3,4,4,7,4
33,2,2,2,6,2,2,2,2,2,2,2,2,2,2,3,2,4,2,2,2,2,2,4,2
34,18,18,15,35,18,18,18,18,19,19,18,19,18,18,24,18,24,18,18,18,18,18,26,18
35,7,7,6,11,7,7,7,7,7,7,7,7,7,7,7,7,6,7,7,7,7,7,8,7
36,0,0,0,7,0,0,0,0,0,0,0,0,0,0,1,0,0,0,0,0,0,0,2,0
37,11,11,10,13,11,10,11,11,11,11,11,10,11,10,9,11,13,11,11,12,11,11,13,12
38,15,17,19,29,17,18,18,17,19,18,17,17,17,17,16,19,32,18,17,17,18,17,22,17
39,9,9,8,14,9,11,9,10,9,9,9,9,9,9,7,9,9,9,9,9,9,9,11,9
40,2,3,3,8,3,6,3,3,3,3,3,3,3,3,7,3,1,3,4,3,3,3,3,3
41,3,2,2,5,2,6,2,2,2,2,3,2,2,2,7,2,3,2,2,2,2,2,4,2
42,16,15,12,25,14,17,14,14,16,14,15,15,14,14,23,14,23,14,14,15,14,14,21,15
43,8,9,10,11,9,11,9,9,9,9,9,9,9,9,10,9,18,10,10,9,9,9,11,9
44,0,1,0,7,3,2,1,2,2,2,2,1,2,1,3,1,1,1,2,2,3,2,3,1
45,3,4,4,5,4,3,4,4,5,5,4,4,4,5,4,4,4,4,4,5,5,5,5,4
46,0,0,0,0,0,0,0,0,3,0,0,0,0,0,0,0,16,0,0,0,0,0,0,0
47,9,10,9,12,10,6,10,10,10,10,10,10,10,10,9,10,9,10,10,10,10,10,11,10
48,0,0,0,0,0,0,0,0,0,0,0,0,0,0,0,0,0,0,0,0,0,0,0,0
49,1,1,1,1,1,1,1,1,1,1,1,1,1,1,1,1,1,1,1,1,1,1,1,1
50,1,1,1,1,1,0,1,1,1,1,1,1,1,1,0,1,2,1,1,1,1,1,0,1
51,1,1,1,1,1,0,1,1,1,1,1,1,1,1,0,1,1,1,1,1,1,1,1,1
52,0,0,0,0,0,0,0,0,0,0,0,0,0,0,0,0,0,0,0,0,0,0,0,0
53,1,1,1,1,1,0,1,1,1,1,1,1,1,1,1,1,1,1,1,1,1,1,1,1
54,2,2,2,2,2,2,2,2,2,2,2,2,2,2,1,2,2,2,2,2,2,2,2,2
55,1,1,1,2,1,1,1,1,1,1,1,1,1,1,1,1,1,1,1,1,1,1,1,1
56,0,0,0,0,0,0,0,0,0,0,0,0,0,0,0,0,0,0,0,0,0,0,0,0
57,0,0,0,1,0,0,0,0,0,0,0,0,0,0,0,0,0,0,0,0,0,0,0,0
58,1,1,1,2,1,1,1,1,1,1,1,1,1,1,1,1,1,1,1,1,1,1,1,1
59,0,0,0,0,0,0,0,0,0,0,0,0,0,0,0,0,0,0,0,0,0,0,0,0
60,0,0,0,0,0,0,0,0,0,0,0,0,0,0,0,0,0,0,0,0,0,0,0,0
61,0,0,0,0,0,0,0,0,0,0,0,0,0,0,0,0,0,0,0,0,0,0,0,0
62,0,1,0,1,0,1,1,0,0,0,0,1,0,0,1,0,0,0,0,0,0,1,0,1
63,0,0,0,0,0,0,0,0,0,0,0,0,0,0,0,0,0,0,0,0,0,0,0,0
64,12,12,12,15,12,9,12,12,12,12,12,12,12,12,10,12,12,12,12,12,12,12,15,12
65,5,5,5,7,5,5,5,5,5,5,5,5,5,5,5,5,6,5,5,5,5,5,6,5
66,34,34,34,47,34,31,34,34,34,34,34,34,34,34,30,34,34,34,34,34,34,34,41,34
67,7,7,7,13,7,6,7,7,7,7,7,7,7,7,7,7,8,7,7,7,7,7,7,7
68,3,3,3,3,3,3,3,3,3,3,3,3,3,3,2,3,3,3,3,3,3,3,3,3
69,8,8,8,9,8,6,8,8,8,8,8,8,8,8,8,8,8,8,8,8,8,8,9,8
70,35,35,34,45,34,33,35,34,34,35,34,34,34,34,36,34,34,35,35,34,35,34,40,34
71,6,6,6,11,6,8,7,6,6,6,6,6,6,6,6,6,7,6,6,6,6,6,7,6
72,3,4,4,6,3,3,3,4,4,3,4,4,4,4,3,4,5,3,4,4,4,3,6,4
73,6,6,6,8,6,7,6,6,6,6,6,6,6,6,5,6,6,6,6,6,6,6,6,6
74,18,18,18,23,18,16,18,19,18,18,18,18,18,18,17,18,18,18,18,18,18,18,21,18
75,3,4,3,3,3,4,4,3,4,3,3,4,3,3,4,3,3,3,3,3,3,4,4,4
76,5,5,5,7,5,5,5,5,5,5,5,5,5,5,5,5,5,5,5,5,5,5,5,5
77,0,0,0,1,0,0,0,0,0,0,0,0,0,0,0,0,0,0,0,0,0,0,1,0
78,7,7,7,8,7,7,7,7,7,7,7,7,7,7,5,7,7,7,7,7,7,7,7,7
79,6,6,6,10,6,5,6,6,6,6,6,6,6,6,7,6,6,6,6,6,6,6,8,6
80,0,0,0,0,0,0,0,0,0,0,0,0,0,0,0,0,0,0,0,0,0,0,0,0
81,0,0,0,0,0,0,0,0,0,0,0,0,0,0,0,0,0,0,0,0,0,0,1,0
82,2,2,2,2,2,2,2,2,2,2,2,2,2,2,2,2,2,2,2,2,2,2,2,2
83,0,0,0,0,0,0,0,0,0,0,0,0,0,0,0,0,0,0,0,0,0,0,0,0
84,1,1,1,1,1,0,1,1,1,1,1,1,1,1,1,1,1,1,1,1,1,1,2,1
85,4,3,3,3,3,3,3,3,3,3,3,4,3,3,3,3,4,3,4,3,3,3,3,3
86,0,1,0,2,1,0,1,1,0,1,1,1,1,1,0,1,0,1,1,0,1,1,1,1
87,0,0,0,1,0,0,0,0,0,0,0,0,0,0,0,0,0,0,0,0,0,0,0,0
88,1,1,1,1,1,1,1,1,1,1,1,1,1,1,1,1,1,1,1,1,1,1,1,1
89,1,1,1,1,1,1,1,1,1,1,1,1,1,1,0,1,1,1,1,1,1,1,1,1
90,0,0,0,0,0,0,0,0,0,0,0,0,0,0,0,0,0,0,0,0,0,0,0,0
91,0,0,0,0,0,0,0,0,0,0,0,0,0,0,0,0,0,0,0,0,0,0,0,0
92,0,0,0,0,0,0,0,0,0,0,0,0,0,0,0,0,0,0,0,0,0,0,0,0
93,3,3,3,3,3,3,3,3,3,3,3,3,3,3,3,3,3,3,3,3,3,3,3,3
94,2,2,2,3,2,2,2,2,2,2,2,2,2,2,1,2,2,2,2,2,2,2,3,2
95,0,0,0,0,0,0,0,0,0,0,0,0,0,0,0,0,0,0,0,0,0,0,0,0
